Timestamp,Violation,Confidence
2026-02-20 21:24:35,NO-Hardhat,0.86
2026-02-20 21:24:35,NO-Mask,0.76
2026-02-20 21:27:41,NO-Hardhat,0.79
2026-02-20 21:27:41,NO-Mask,0.7
2026-02-20 21:27:42,NO-Hardhat,0.75
2026-02-20 21:27:42,NO-Mask,0.72
2026-02-20 21:27:42,NO-Mask,0.83
2026-02-20 21:27:42,NO-Hardhat,0.79
2026-02-20 21:27:42,NO-Mask,0.9
2026-02-20 21:27:42,NO-Hardhat,0.86
2026-02-20 21:27:42,NO-Mask,0.82
2026-02-20 21:27:42,NO-Hardhat,0.82
2026-02-20 21:27:42,NO-Mask,0.87
2026-02-20 21:27:42,NO-Hardhat,0.73
2026-02-20 21:27:43,NO-Mask,0.86
2026-02-20 21:27:43,NO-Hardhat,0.8
2026-02-20 21:27:43,NO-Mask,0.89
2026-02-20 21:27:43,NO-Hardhat,0.79
2026-02-20 21:27:43,NO-Mask,0.89
2026-02-20 21:27:43,NO-Hardhat,0.73
2026-02-20 21:27:43,NO-Mask,0.93
2026-02-20 21:27:43,NO-Hardhat,0.82
2026-02-20 21:27:43,NO-Mask,0.9
2026-02-20 21:27:43,NO-Hardhat,0.8
2026-02-20 21:27:43,NO-Mask,0.91
2026-02-20 21:27:43,NO-Hardhat,0.78
2026-02-20 21:27:43,NO-Mask,0.93
2026-02-20 21:27:43,NO-Hardhat,0.77
2026-02-20 21:27:43,NO-Mask,0.9
2026-02-20 21:27:43,NO-Hardhat,0.81
2026-02-20 21:27:44,NO-Mask,0.9
2026-02-20 21:27:44,NO-Hardhat,0.8
2026-02-20 21:27:44,NO-Mask,0.93
2026-02-20 21:27:44,NO-Hardhat,0.78
2026-02-20 21:27:44,NO-Mask,0.92
2026-02-20 21:27:44,NO-Hardhat,0.78
2026-02-20 21:27:44,NO-Mask,0.92
2026-02-20 21:27:44,NO-Hardhat,0.81
2026-02-20 21:27:44,NO-Mask,0.9
2026-02-20 21:27:44,NO-Hardhat,0.79
2026-02-20 21:27:44,NO-Mask,0.93
2026-02-20 21:27:44,NO-Hardhat,0.77
2026-02-20 21:27:44,NO-Mask,0.89
2026-02-20 21:27:44,NO-Hardhat,0.76
2026-02-20 21:27:44,NO-Mask,0.9
2026-02-20 21:27:44,NO-Hardhat,0.77
2026-02-20 21:27:45,NO-Mask,0.9
2026-02-20 21:28:38,NO-Mask,0.87
2026-02-20 21:28:38,NO-Hardhat,0.68
2026-02-20 21:28:38,NO-Hardhat,0.62
2026-02-20 21:28:38,NO-Safety Vest,0.28
2026-02-20 21:28:52,NO-Mask,0.86
2026-02-20 21:28:52,NO-Hardhat,0.67
2026-02-20 21:28:52,NO-Mask,0.85
2026-02-20 21:28:52,NO-Hardhat,0.66
2026-02-20 21:28:52,NO-Safety Vest,0.29
2026-02-20 21:28:52,NO-Mask,0.83
2026-02-20 21:28:52,NO-Hardhat,0.65
2026-02-20 21:28:52,NO-Safety Vest,0.33
2026-02-20 21:28:52,NO-Mask,0.83
2026-02-20 21:28:52,NO-Hardhat,0.64
2026-02-20 21:28:52,NO-Mask,0.82
2026-02-20 21:28:52,NO-Hardhat,0.67
2026-02-20 21:28:52,NO-Safety Vest,0.31
2026-02-20 21:28:52,NO-Mask,0.79
2026-02-20 21:28:52,NO-Hardhat,0.74
2026-02-20 21:28:52,NO-Safety Vest,0.29
2026-02-20 21:28:52,NO-Safety Vest,0.27
2026-02-20 21:28:52,NO-Safety Vest,0.26
2026-02-20 21:28:52,NO-Hardhat,0.76
2026-02-20 21:28:52,NO-Mask,0.72
2026-02-20 21:28:52,NO-Safety Vest,0.54
2026-02-20 21:28:52,NO-Mask,0.74
2026-02-20 21:28:52,NO-Hardhat,0.7
2026-02-20 21:28:52,NO-Safety Vest,0.3
2026-02-20 21:28:52,NO-Safety Vest,0.29
2026-02-20 21:28:52,NO-Hardhat,0.68
2026-02-20 21:28:52,NO-Mask,0.67
2026-02-20 21:28:53,NO-Safety Vest,0.26
2026-02-20 21:28:53,NO-Mask,0.72
2026-02-20 21:28:53,NO-Hardhat,0.67
2026-02-20 21:28:53,NO-Mask,0.78
2026-02-20 21:28:53,NO-Hardhat,0.66
2026-02-20 21:28:53,NO-Safety Vest,0.35
2026-02-20 21:28:53,NO-Safety Vest,0.33
2026-02-20 21:28:53,NO-Mask,0.8
2026-02-20 21:28:53,NO-Hardhat,0.71
2026-02-20 21:28:53,NO-Safety Vest,0.53
2026-02-20 21:28:53,NO-Safety Vest,0.47
2026-02-20 21:28:53,NO-Mask,0.74
2026-02-20 21:28:53,NO-Hardhat,0.65
2026-02-20 21:28:53,NO-Safety Vest,0.28
2026-02-20 21:28:53,NO-Mask,0.79
2026-02-20 21:28:53,NO-Hardhat,0.72
2026-02-20 21:28:53,NO-Safety Vest,0.25
2026-02-20 21:28:53,NO-Mask,0.8
2026-02-20 21:28:53,NO-Hardhat,0.73
2026-02-20 21:28:53,NO-Safety Vest,0.31
2026-02-20 21:28:53,NO-Safety Vest,0.29
2026-02-20 21:28:53,NO-Safety Vest,0.27
2026-02-20 21:28:53,NO-Hardhat,0.67
2026-02-20 21:28:53,NO-Mask,0.67
2026-02-20 21:28:53,NO-Mask,0.73
2026-02-20 21:28:53,NO-Hardhat,0.72
2026-02-20 21:28:54,NO-Mask,0.7
2026-02-20 21:28:54,NO-Hardhat,0.68
2026-02-20 21:28:54,NO-Safety Vest,0.32
2026-02-20 21:28:54,NO-Mask,0.78
2026-02-20 21:28:54,NO-Hardhat,0.72
2026-02-20 21:28:54,NO-Mask,0.81
2026-02-20 21:28:54,NO-Hardhat,0.72
2026-02-20 21:28:54,NO-Mask,0.76
2026-02-20 21:28:54,NO-Hardhat,0.71
2026-02-20 21:28:54,NO-Mask,0.73
2026-02-20 21:28:54,NO-Hardhat,0.67
2026-02-20 21:28:54,NO-Mask,0.72
2026-02-20 21:28:54,NO-Hardhat,0.67
2026-02-20 21:28:54,NO-Safety Vest,0.25
2026-02-20 21:28:54,NO-Mask,0.74
2026-02-20 21:28:54,NO-Hardhat,0.71
2026-02-20 21:28:54,NO-Mask,0.71
2026-02-20 21:28:54,NO-Hardhat,0.65
2026-02-20 21:28:54,NO-Mask,0.77
2026-02-20 21:28:54,NO-Hardhat,0.68
2026-02-20 21:28:55,NO-Mask,0.79
2026-02-20 21:28:55,NO-Hardhat,0.7
2026-02-20 21:28:55,NO-Mask,0.72
2026-02-20 21:28:55,NO-Hardhat,0.71
2026-02-20 21:28:55,NO-Mask,0.76
2026-02-20 21:28:55,NO-Hardhat,0.67
2026-02-20 21:28:55,NO-Mask,0.76
2026-02-20 21:28:55,NO-Hardhat,0.72
2026-02-20 21:28:55,NO-Mask,0.77
2026-02-20 21:28:55,NO-Hardhat,0.64
2026-02-20 21:28:55,NO-Safety Vest,0.28
2026-02-20 21:28:55,NO-Mask,0.8
2026-02-20 21:28:55,NO-Hardhat,0.65
2026-02-20 21:28:55,NO-Mask,0.76
2026-02-20 21:28:55,NO-Hardhat,0.67
2026-02-20 21:28:55,NO-Safety Vest,0.28
2026-02-20 21:28:55,NO-Safety Vest,0.26
2026-02-20 21:28:55,NO-Mask,0.72
2026-02-20 21:28:55,NO-Hardhat,0.67
2026-02-20 21:28:55,NO-Safety Vest,0.27
2026-02-20 21:28:55,NO-Mask,0.77
2026-02-20 21:28:55,NO-Hardhat,0.65
2026-02-20 21:28:56,NO-Mask,0.7
2026-02-20 21:28:56,NO-Hardhat,0.67
2026-02-20 21:28:56,NO-Mask,0.72
2026-02-20 21:28:56,NO-Hardhat,0.67
2026-02-20 21:28:56,NO-Mask,0.7
2026-02-20 21:28:56,NO-Hardhat,0.66
2026-02-20 21:28:56,NO-Mask,0.74
2026-02-20 21:28:56,NO-Hardhat,0.7
2026-02-20 21:28:56,NO-Mask,0.78
2026-02-20 21:28:56,NO-Hardhat,0.64
2026-02-20 21:28:56,NO-Mask,0.78
2026-02-20 21:28:56,NO-Hardhat,0.68
2026-02-20 21:28:56,NO-Mask,0.75
2026-02-20 21:28:56,NO-Hardhat,0.62
2026-02-20 21:28:56,NO-Mask,0.8
2026-02-20 21:28:56,NO-Hardhat,0.58
2026-02-20 21:28:56,NO-Mask,0.82
2026-02-20 21:28:56,NO-Hardhat,0.61
2026-02-20 21:28:57,NO-Mask,0.82
2026-02-20 21:28:57,NO-Hardhat,0.65
2026-02-20 21:28:57,NO-Mask,0.78
2026-02-20 21:28:57,NO-Hardhat,0.61
2026-02-20 21:28:57,NO-Safety Vest,0.3
2026-02-20 21:28:57,NO-Mask,0.79
2026-02-20 21:28:57,NO-Hardhat,0.61
2026-02-20 21:28:57,NO-Mask,0.73
2026-02-20 21:28:57,NO-Hardhat,0.64
2026-02-20 21:28:57,NO-Mask,0.76
2026-02-20 21:28:57,NO-Hardhat,0.54
2026-02-20 21:28:57,NO-Mask,0.8
2026-02-20 21:28:57,NO-Hardhat,0.59
2026-02-20 21:28:57,NO-Safety Vest,0.37
2026-02-20 21:28:57,NO-Safety Vest,0.3
2026-02-20 21:28:57,NO-Mask,0.8
2026-02-20 21:28:57,NO-Hardhat,0.65
2026-02-20 21:28:57,NO-Safety Vest,0.31
2026-02-20 21:28:57,NO-Safety Vest,0.27
2026-02-20 21:28:57,NO-Mask,0.8
2026-02-20 21:28:57,NO-Hardhat,0.67
2026-02-20 21:28:57,NO-Mask,0.82
2026-02-20 21:28:57,NO-Hardhat,0.65
2026-02-20 21:28:57,NO-Safety Vest,0.35
2026-02-20 21:28:58,NO-Mask,0.77
2026-02-20 21:28:58,NO-Hardhat,0.68
2026-02-20 21:28:58,NO-Mask,0.79
2026-02-20 21:28:58,NO-Hardhat,0.69
2026-02-20 21:28:58,NO-Mask,0.74
2026-02-20 21:28:58,NO-Hardhat,0.65
2026-02-20 21:28:58,NO-Mask,0.79
2026-02-20 21:28:58,NO-Hardhat,0.61
2026-02-20 21:28:58,NO-Mask,0.78
2026-02-20 21:28:58,NO-Hardhat,0.65
2026-02-20 21:28:58,NO-Safety Vest,0.29
2026-02-20 21:28:58,NO-Mask,0.8
2026-02-20 21:28:58,NO-Hardhat,0.68
2026-02-20 21:28:58,NO-Safety Vest,0.39
2026-02-20 21:28:58,NO-Safety Vest,0.36
2026-02-20 21:28:58,NO-Mask,0.77
2026-02-20 21:28:58,NO-Hardhat,0.61
2026-02-20 21:28:58,NO-Mask,0.71
2026-02-20 21:28:58,NO-Hardhat,0.65
2026-02-20 21:28:58,NO-Mask,0.73
2026-02-20 21:28:58,NO-Hardhat,0.69
2026-02-20 21:28:58,NO-Safety Vest,0.27
2026-02-20 21:28:59,NO-Mask,0.8
2026-02-20 21:28:59,NO-Hardhat,0.68
2026-02-20 21:28:59,NO-Safety Vest,0.32
2026-02-20 21:28:59,NO-Mask,0.68
2026-02-20 21:28:59,NO-Hardhat,0.63
2026-02-20 21:28:59,NO-Hardhat,0.72
2026-02-20 21:28:59,NO-Mask,0.71
2026-02-20 21:28:59,NO-Mask,0.74
2026-02-20 21:28:59,NO-Hardhat,0.74
2026-02-20 21:28:59,NO-Mask,0.75
2026-02-20 21:28:59,NO-Hardhat,0.68
2026-02-20 21:28:59,NO-Mask,0.75
2026-02-20 21:28:59,NO-Hardhat,0.67
2026-02-20 21:28:59,NO-Safety Vest,0.37
2026-02-20 21:28:59,NO-Mask,0.84
2026-02-20 21:28:59,NO-Hardhat,0.65
2026-02-20 21:28:59,NO-Safety Vest,0.36
2026-02-20 21:28:59,NO-Mask,0.7
2026-02-20 21:28:59,NO-Hardhat,0.66
2026-02-20 21:28:59,NO-Mask,0.74
2026-02-20 21:28:59,NO-Hardhat,0.72
2026-02-20 21:28:59,NO-Safety Vest,0.3
2026-02-20 21:29:00,NO-Hardhat,0.73
2026-02-20 21:29:00,NO-Mask,0.69
2026-02-20 21:29:00,NO-Mask,0.73
2026-02-20 21:29:00,NO-Hardhat,0.66
2026-02-20 21:29:00,NO-Mask,0.81
2026-02-20 21:29:00,NO-Hardhat,0.67
2026-02-20 21:29:00,NO-Safety Vest,0.25
2026-02-20 21:29:00,NO-Mask,0.77
2026-02-20 21:29:00,NO-Hardhat,0.64
2026-02-20 21:29:00,NO-Mask,0.81
2026-02-20 21:29:00,NO-Hardhat,0.68
2026-02-20 21:29:00,NO-Mask,0.81
2026-02-20 21:29:00,NO-Hardhat,0.71
2026-02-20 21:29:00,NO-Mask,0.8
2026-02-20 21:29:00,NO-Hardhat,0.71
2026-02-20 21:29:00,NO-Mask,0.8
2026-02-20 21:29:00,NO-Hardhat,0.62
2026-02-20 21:29:00,NO-Mask,0.72
2026-02-20 21:29:00,NO-Hardhat,0.72
2026-02-20 21:29:00,NO-Mask,0.82
2026-02-20 21:29:01,NO-Hardhat,0.69
2026-02-20 21:29:01,NO-Safety Vest,0.36
2026-02-20 21:29:01,NO-Mask,0.72
2026-02-20 21:29:01,NO-Hardhat,0.7
2026-02-20 21:29:01,NO-Mask,0.75
2026-02-20 21:29:01,NO-Hardhat,0.69
2026-02-20 21:29:01,NO-Mask,0.77
2026-02-20 21:29:01,NO-Hardhat,0.68
2026-02-20 21:29:01,NO-Mask,0.77
2026-02-20 21:29:01,NO-Hardhat,0.64
2026-02-20 21:29:01,NO-Safety Vest,0.41
2026-02-20 21:29:01,NO-Mask,0.72
2026-02-20 21:29:01,NO-Hardhat,0.71
2026-02-20 21:29:01,NO-Mask,0.75
2026-02-20 21:29:01,NO-Hardhat,0.66
2026-02-20 21:29:01,NO-Safety Vest,0.26
2026-02-20 21:29:01,NO-Safety Vest,0.26
2026-02-20 21:29:01,NO-Mask,0.81
2026-02-20 21:29:01,NO-Hardhat,0.71
2026-02-20 21:29:01,NO-Safety Vest,0.25
2026-02-20 21:29:01,NO-Mask,0.77
2026-02-20 21:29:01,NO-Hardhat,0.65
2026-02-20 21:29:01,NO-Safety Vest,0.35
2026-02-20 21:29:02,NO-Mask,0.75
2026-02-20 21:29:02,NO-Hardhat,0.71
2026-02-20 21:29:02,NO-Safety Vest,0.28
2026-02-20 21:29:02,NO-Mask,0.74
2026-02-21 14:03:18,NO-Mask,0.94
2026-02-21 14:03:18,NO-Hardhat,0.92
2026-02-21 14:03:18,NO-Hardhat,0.84
2026-02-21 14:03:18,NO-Safety Vest,0.62
2026-02-21 14:03:18,NO-Mask,0.29
2026-02-21 14:03:36,NO-Mask,0.94
2026-02-21 14:03:36,NO-Hardhat,0.88
2026-02-21 14:03:36,NO-Safety Vest,0.58
2026-02-21 14:03:36,NO-Hardhat,0.29
2026-02-21 14:03:43,NO-Hardhat,0.77
2026-02-21 14:03:43,NO-Hardhat,0.76
2026-02-21 14:03:43,NO-Safety Vest,0.53
2026-02-21 14:03:43,NO-Mask,0.3
2026-02-21 14:03:43,NO-Hardhat,0.26
